,name,lobby_image_right,lobby_image_left,small_img,ban_img,voice
Garen,가렌,http://39.118.174.168:8000/champ_image/right/가렌.png,http://39.118.174.168:8000/champ_image/left/가렌.png,http://ddragon.leagueoflegends.com/cdn/11.3.1/img/champion/Garen.png,http://39.118.174.168:8000/champ_image/long_image_noColor/가렌.jpg,Garen.mp3
Galio,갈리오,http://39.118.174.168:8000/champ_image/right/갈리오.png,http://39.118.174.168:8000/champ_image/left/갈리오.png,http://ddragon.leagueoflegends.com/cdn/11.3.1/img/champion/Galio.png,http://39.118.174.168:8000/champ_image/long_image_noColor/갈리오.jpg,Galio.mp3
Gangplank,갱플랭크,http://39.118.174.168:8000/champ_image/right/갱플랭크.png,http://39.118.174.168:8000/champ_image/left/갱플랭크.png,http://ddragon.leagueoflegends.com/cdn/11.3.1/img/champion/Gangplank.png,http://39.118.174.168:8000/champ_image/long_image_noColor/갱플랭크.jpg,Gangplank.mp3
Gragas,그라가스,http://39.118.174.168:8000/champ_image/right/그라가스.png,http://39.118.174.168:8000/champ_image/left/그라가스.png,http://ddragon.leagueoflegends.com/cdn/11.3.1/img/champion/Gragas.png,http://39.118.174.168:8000/champ_image/long_image_noColor/그라가스.jpg,Gragas.mp3
Graves,그레이브즈,http://39.118.174.168:8000/champ_image/right/그레이브즈.png,http://39.118.174.168:8000/champ_image/left/그레이브즈.png,http://ddragon.leagueoflegends.com/cdn/11.3.1/img/champion/Graves.png,http://39.118.174.168:8000/champ_image/long_image_noColor/그레이브즈.jpg,Graves.mp3
Gnar,나르,http://39.118.174.168:8000/champ_image/right/나르.png,http://39.118.174.168:8000/champ_image/left/나르.png,http://ddragon.leagueoflegends.com/cdn/11.3.1/img/champion/Gnar.png,http://39.118.174.168:8000/champ_image/long_image_noColor/나르.jpg,Gnar.mp3
Nami,나미,http://39.118.174.168:8000/champ_image/right/나미.png,http://39.118.174.168:8000/champ_image/left/나미.png,http://ddragon.leagueoflegends.com/cdn/11.3.1/img/champion/Nami.png,http://39.118.174.168:8000/champ_image/long_image_noColor/나미.jpg,Nami.mp3
Nasus,나서스,http://39.118.174.168:8000/champ_image/right/나서스.png,http://39.118.174.168:8000/champ_image/left/나서스.png,http://ddragon.leagueoflegends.com/cdn/11.3.1/img/champion/Nasus.png,http://39.118.174.168:8000/champ_image/long_image_noColor/나서스.jpg,Nasus.mp3
Nautilus,노틸러스,http://39.118.174.168:8000/champ_image/right/노틸러스.png,http://39.118.174.168:8000/champ_image/left/노틸러스.png,http://ddragon.leagueoflegends.com/cdn/11.3.1/img/champion/Nautilus.png,http://39.118.174.168:8000/champ_image/long_image_noColor/노틸러스.jpg,Nautilus.mp3
Nocturne,녹턴,http://39.118.174.168:8000/champ_image/right/녹턴.png,http://39.118.174.168:8000/champ_image/left/녹턴.png,http://ddragon.leagueoflegends.com/cdn/11.3.1/img/champion/Nocturne.png,http://39.118.174.168:8000/champ_image/long_image_noColor/녹턴.jpg,Nocturne.mp3
Nunu,누누와 윌럼프,http://39.118.174.168:8000/champ_image/right/누누와 윌럼프.png,http://39.118.174.168:8000/champ_image/left/누누와 윌럼프.png,http://ddragon.leagueoflegends.com/cdn/11.3.1/img/champion/Nunu.png,http://39.118.174.168:8000/champ_image/long_image_noColor/누누와 윌럼프.jpg,Nunu.mp3
Nidalee,니달리,http://39.118.174.168:8000/champ_image/right/니달리.png,http://39.118.174.168:8000/champ_image/left/니달리.png,http://ddragon.leagueoflegends.com/cdn/11.3.1/img/champion/Nidalee.png,http://39.118.174.168:8000/champ_image/long_image_noColor/니달리.jpg,Nidalee.mp3
Neeko,니코,http://39.118.174.168:8000/champ_image/right/니코.png,http://39.118.174.168:8000/champ_image/left/니코.png,http://ddragon.leagueoflegends.com/cdn/11.3.1/img/champion/Neeko.png,http://39.118.174.168:8000/champ_image/long_image_noColor/니코.jpg,Neeko.mp3
Darius,다리우스,http://39.118.174.168:8000/champ_image/right/다리우스.png,http://39.118.174.168:8000/champ_image/left/다리우스.png,http://ddragon.leagueoflegends.com/cdn/11.3.1/img/champion/Darius.png,http://39.118.174.168:8000/champ_image/long_image_noColor/다리우스.jpg,Darius.mp3
Diana,다이애나,http://39.118.174.168:8000/champ_image/right/다이애나.png,http://39.118.174.168:8000/champ_image/left/다이애나.png,http://ddragon.leagueoflegends.com/cdn/11.3.1/img/champion/Diana.png,http://39.118.174.168:8000/champ_image/long_image_noColor/다이애나.jpg,Diana.mp3
Draven,드레이븐,http://39.118.174.168:8000/champ_image/right/드레이븐.png,http://39.118.174.168:8000/champ_image/left/드레이븐.png,http://ddragon.leagueoflegends.com/cdn/11.3.1/img/champion/Draven.png,http://39.118.174.168:8000/champ_image/long_image_noColor/드레이븐.jpg,Draven.mp3
Ryze,라이즈,http://39.118.174.168:8000/champ_image/right/라이즈.png,http://39.118.174.168:8000/champ_image/left/라이즈.png,http://ddragon.leagueoflegends.com/cdn/11.3.1/img/champion/Ryze.png,http://39.118.174.168:8000/champ_image/long_image_noColor/라이즈.jpg,Ryze.mp3
Rakan,라칸,http://39.118.174.168:8000/champ_image/right/라칸.png,http://39.118.174.168:8000/champ_image/left/라칸.png,http://ddragon.leagueoflegends.com/cdn/11.3.1/img/champion/Rakan.png,http://39.118.174.168:8000/champ_image/long_image_noColor/라칸.jpg,Rakan.mp3
Rammus,람머스,http://39.118.174.168:8000/champ_image/right/람머스.png,http://39.118.174.168:8000/champ_image/left/람머스.png,http://ddragon.leagueoflegends.com/cdn/11.3.1/img/champion/Rammus.png,http://39.118.174.168:8000/champ_image/long_image_noColor/람머스.jpg,Rammus.mp3
Lux,럭스,http://39.118.174.168:8000/champ_image/right/럭스.png,http://39.118.174.168:8000/champ_image/left/럭스.png,http://ddragon.leagueoflegends.com/cdn/11.3.1/img/champion/Lux.png,http://39.118.174.168:8000/champ_image/long_image_noColor/럭스.jpg,Lux.mp3
Rumble,럼블,http://39.118.174.168:8000/champ_image/right/럼블.png,http://39.118.174.168:8000/champ_image/left/럼블.png,http://ddragon.leagueoflegends.com/cdn/11.3.1/img/champion/Rumble.png,http://39.118.174.168:8000/champ_image/long_image_noColor/럼블.jpg,Rumble.mp3
Renekton,레넥톤,http://39.118.174.168:8000/champ_image/right/레넥톤.png,http://39.118.174.168:8000/champ_image/left/레넥톤.png,http://ddragon.leagueoflegends.com/cdn/11.3.1/img/champion/Renekton.png,http://39.118.174.168:8000/champ_image/long_image_noColor/레넥톤.jpg,Renekton.mp3
Leona,레오나,http://39.118.174.168:8000/champ_image/right/레오나.png,http://39.118.174.168:8000/champ_image/left/레오나.png,http://ddragon.leagueoflegends.com/cdn/11.3.1/img/champion/Leona.png,http://39.118.174.168:8000/champ_image/long_image_noColor/레오나.jpg,Leona.mp3
RekSai,렉사이,http://39.118.174.168:8000/champ_image/right/렉사이.png,http://39.118.174.168:8000/champ_image/left/렉사이.png,http://ddragon.leagueoflegends.com/cdn/11.3.1/img/champion/RekSai.png,http://39.118.174.168:8000/champ_image/long_image_noColor/렉사이.jpg,RekSai.mp3
Rell,렐,http://39.118.174.168:8000/champ_image/right/렐.png,http://39.118.174.168:8000/champ_image/left/렐.png,http://ddragon.leagueoflegends.com/cdn/11.3.1/img/champion/Rell.png,http://39.118.174.168:8000/champ_image/long_image_noColor/렐.jpg,Rell.mp3
Rengar,렝가,http://39.118.174.168:8000/champ_image/right/렝가.png,http://39.118.174.168:8000/champ_image/left/렝가.png,http://ddragon.leagueoflegends.com/cdn/11.3.1/img/champion/Rengar.png,http://39.118.174.168:8000/champ_image/long_image_noColor/렝가.jpg,Rengar.mp3
Lucian,루시안,http://39.118.174.168:8000/champ_image/right/루시안.png,http://39.118.174.168:8000/champ_image/left/루시안.png,http://ddragon.leagueoflegends.com/cdn/11.3.1/img/champion/Lucian.png,http://39.118.174.168:8000/champ_image/long_image_noColor/루시안.jpg,Lucian.mp3
Lulu,룰루,http://39.118.174.168:8000/champ_image/right/룰루.png,http://39.118.174.168:8000/champ_image/left/룰루.png,http://ddragon.leagueoflegends.com/cdn/11.3.1/img/champion/Lulu.png,http://39.118.174.168:8000/champ_image/long_image_noColor/룰루.jpg,Lulu.mp3
Leblanc,르블랑,http://39.118.174.168:8000/champ_image/right/르블랑.png,http://39.118.174.168:8000/champ_image/left/르블랑.png,http://ddragon.leagueoflegends.com/cdn/11.3.1/img/champion/Leblanc.png,http://39.118.174.168:8000/champ_image/long_image_noColor/르블랑.jpg,Leblanc.mp3
LeeSin,리 신,http://39.118.174.168:8000/champ_image/right/리 신.png,http://39.118.174.168:8000/champ_image/left/리 신.png,http://ddragon.leagueoflegends.com/cdn/11.3.1/img/champion/LeeSin.png,http://39.118.174.168:8000/champ_image/long_image_noColor/리 신.jpg,LeeSin.mp3
Riven,리븐,http://39.118.174.168:8000/champ_image/right/리븐.png,http://39.118.174.168:8000/champ_image/left/리븐.png,http://ddragon.leagueoflegends.com/cdn/11.3.1/img/champion/Riven.png,http://39.118.174.168:8000/champ_image/long_image_noColor/리븐.jpg,Riven.mp3
Lissandra,리산드라,http://39.118.174.168:8000/champ_image/right/리산드라.png,http://39.118.174.168:8000/champ_image/left/리산드라.png,http://ddragon.leagueoflegends.com/cdn/11.3.1/img/champion/Lissandra.png,http://39.118.174.168:8000/champ_image/long_image_noColor/리산드라.jpg,Lissandra.mp3
Lillia,릴리아,http://39.118.174.168:8000/champ_image/right/릴리아.png,http://39.118.174.168:8000/champ_image/left/릴리아.png,http://ddragon.leagueoflegends.com/cdn/11.3.1/img/champion/Lillia.png,http://39.118.174.168:8000/champ_image/long_image_noColor/릴리아.jpg,Lillia.mp3
MasterYi,마스터 이,http://39.118.174.168:8000/champ_image/right/마스터 이.png,http://39.118.174.168:8000/champ_image/left/마스터 이.png,http://ddragon.leagueoflegends.com/cdn/11.3.1/img/champion/MasterYi.png,http://39.118.174.168:8000/champ_image/long_image_noColor/마스터 이.jpg,MasterYi.mp3
Maokai,마오카이,http://39.118.174.168:8000/champ_image/right/마오카이.png,http://39.118.174.168:8000/champ_image/left/마오카이.png,http://ddragon.leagueoflegends.com/cdn/11.3.1/img/champion/Maokai.png,http://39.118.174.168:8000/champ_image/long_image_noColor/마오카이.jpg,Maokai.mp3
Malzahar,말자하,http://39.118.174.168:8000/champ_image/right/말자하.png,http://39.118.174.168:8000/champ_image/left/말자하.png,http://ddragon.leagueoflegends.com/cdn/11.3.1/img/champion/Malzahar.png,http://39.118.174.168:8000/champ_image/long_image_noColor/말자하.jpg,Malzahar.mp3
Malphite,말파이트,http://39.118.174.168:8000/champ_image/right/말파이트.png,http://39.118.174.168:8000/champ_image/left/말파이트.png,http://ddragon.leagueoflegends.com/cdn/11.3.1/img/champion/Malphite.png,http://39.118.174.168:8000/champ_image/long_image_noColor/말파이트.jpg,Malphite.mp3
Mordekaiser,모데카이저,http://39.118.174.168:8000/champ_image/right/모데카이저.png,http://39.118.174.168:8000/champ_image/left/모데카이저.png,http://ddragon.leagueoflegends.com/cdn/11.3.1/img/champion/Mordekaiser.png,http://39.118.174.168:8000/champ_image/long_image_noColor/모데카이저.jpg,Mordekaiser.mp3
Morgana,모르가나,http://39.118.174.168:8000/champ_image/right/모르가나.png,http://39.118.174.168:8000/champ_image/left/모르가나.png,http://ddragon.leagueoflegends.com/cdn/11.3.1/img/champion/Morgana.png,http://39.118.174.168:8000/champ_image/long_image_noColor/모르가나.jpg,Morgana.mp3
DrMundo,문도 박사,http://39.118.174.168:8000/champ_image/right/문도 박사.png,http://39.118.174.168:8000/champ_image/left/문도 박사.png,http://ddragon.leagueoflegends.com/cdn/11.3.1/img/champion/DrMundo.png,http://39.118.174.168:8000/champ_image/long_image_noColor/문도 박사.jpg,DrMundo.mp3
MissFortune,미스 포츈,http://39.118.174.168:8000/champ_image/right/미스 포츈.png,http://39.118.174.168:8000/champ_image/left/미스 포츈.png,http://ddragon.leagueoflegends.com/cdn/11.3.1/img/champion/MissFortune.png,http://39.118.174.168:8000/champ_image/long_image_noColor/미스 포츈.jpg,MissFortune.mp3
Bard,바드,http://39.118.174.168:8000/champ_image/right/바드.png,http://39.118.174.168:8000/champ_image/left/바드.png,http://ddragon.leagueoflegends.com/cdn/11.3.1/img/champion/Bard.png,http://39.118.174.168:8000/champ_image/long_image_noColor/바드.jpg,Bard.mp3
Varus,바루스,http://39.118.174.168:8000/champ_image/right/바루스.png,http://39.118.174.168:8000/champ_image/left/바루스.png,http://ddragon.leagueoflegends.com/cdn/11.3.1/img/champion/Varus.png,http://39.118.174.168:8000/champ_image/long_image_noColor/바루스.jpg,Varus.mp3
Vi,바이,http://39.118.174.168:8000/champ_image/right/바이.png,http://39.118.174.168:8000/champ_image/left/바이.png,http://ddragon.leagueoflegends.com/cdn/11.3.1/img/champion/Vi.png,http://39.118.174.168:8000/champ_image/long_image_noColor/바이.jpg,Vi.mp3
Veigar,베이가,http://39.118.174.168:8000/champ_image/right/베이가.png,http://39.118.174.168:8000/champ_image/left/베이가.png,http://ddragon.leagueoflegends.com/cdn/11.3.1/img/champion/Veigar.png,http://39.118.174.168:8000/champ_image/long_image_noColor/베이가.jpg,Veigar.mp3
Vayne,베인,http://39.118.174.168:8000/champ_image/right/베인.png,http://39.118.174.168:8000/champ_image/left/베인.png,http://ddragon.leagueoflegends.com/cdn/11.3.1/img/champion/Vayne.png,http://39.118.174.168:8000/champ_image/long_image_noColor/베인.jpg,Vayne.mp3
Velkoz,벨코즈,http://39.118.174.168:8000/champ_image/right/벨코즈.png,http://39.118.174.168:8000/champ_image/left/벨코즈.png,http://ddragon.leagueoflegends.com/cdn/11.3.1/img/champion/Velkoz.png,http://39.118.174.168:8000/champ_image/long_image_noColor/벨코즈.jpg,Velkoz.mp3
Volibear,볼리베어,http://39.118.174.168:8000/champ_image/right/볼리베어.png,http://39.118.174.168:8000/champ_image/left/볼리베어.png,http://ddragon.leagueoflegends.com/cdn/11.3.1/img/champion/Volibear.png,http://39.118.174.168:8000/champ_image/long_image_noColor/볼리베어.jpg,Volibear.mp3
Braum,브라움,http://39.118.174.168:8000/champ_image/right/브라움.png,http://39.118.174.168:8000/champ_image/left/브라움.png,http://ddragon.leagueoflegends.com/cdn/11.3.1/img/champion/Braum.png,http://39.118.174.168:8000/champ_image/long_image_noColor/브라움.jpg,Braum.mp3
Brand,브랜드,http://39.118.174.168:8000/champ_image/right/브랜드.png,http://39.118.174.168:8000/champ_image/left/브랜드.png,http://ddragon.leagueoflegends.com/cdn/11.3.1/img/champion/Brand.png,http://39.118.174.168:8000/champ_image/long_image_noColor/브랜드.jpg,Brand.mp3
Vladimir,블라디미르,http://39.118.174.168:8000/champ_image/right/블라디미르.png,http://39.118.174.168:8000/champ_image/left/블라디미르.png,http://ddragon.leagueoflegends.com/cdn/11.3.1/img/champion/Vladimir.png,http://39.118.174.168:8000/champ_image/long_image_noColor/블라디미르.jpg,Vladimir.mp3
Blitzcrank,블리츠크랭크,http://39.118.174.168:8000/champ_image/right/블리츠크랭크.png,http://39.118.174.168:8000/champ_image/left/블리츠크랭크.png,http://ddragon.leagueoflegends.com/cdn/11.3.1/img/champion/Blitzcrank.png,http://39.118.174.168:8000/champ_image/long_image_noColor/블리츠크랭크.jpg,Blitzcrank.mp3
Viego,비에고,http://39.118.174.168:8000/champ_image/right/비에고.png,http://39.118.174.168:8000/champ_image/left/비에고.png,http://ddragon.leagueoflegends.com/cdn/11.3.1/img/champion/Viego.png,http://39.118.174.168:8000/champ_image/long_image_noColor/비에고.jpg,Viego.mp3
Viktor,빅토르,http://39.118.174.168:8000/champ_image/right/빅토르.png,http://39.118.174.168:8000/champ_image/left/빅토르.png,http://ddragon.leagueoflegends.com/cdn/11.3.1/img/champion/Viktor.png,http://39.118.174.168:8000/champ_image/long_image_noColor/빅토르.jpg,Viktor.mp3
Poppy,뽀삐,http://39.118.174.168:8000/champ_image/right/뽀삐.png,http://39.118.174.168:8000/champ_image/left/뽀삐.png,http://ddragon.leagueoflegends.com/cdn/11.3.1/img/champion/Poppy.png,http://39.118.174.168:8000/champ_image/long_image_noColor/뽀삐.jpg,Poppy.mp3
Samira,사미라,http://39.118.174.168:8000/champ_image/right/사미라.png,http://39.118.174.168:8000/champ_image/left/사미라.png,http://ddragon.leagueoflegends.com/cdn/11.3.1/img/champion/Samira.png,http://39.118.174.168:8000/champ_image/long_image_noColor/사미라.jpg,Samira.mp3
Sion,사이온,http://39.118.174.168:8000/champ_image/right/사이온.png,http://39.118.174.168:8000/champ_image/left/사이온.png,http://ddragon.leagueoflegends.com/cdn/11.3.1/img/champion/Sion.png,http://39.118.174.168:8000/champ_image/long_image_noColor/사이온.jpg,Sion.mp3
Sylas,사일러스,http://39.118.174.168:8000/champ_image/right/사일러스.png,http://39.118.174.168:8000/champ_image/left/사일러스.png,http://ddragon.leagueoflegends.com/cdn/11.3.1/img/champion/Sylas.png,http://39.118.174.168:8000/champ_image/long_image_noColor/사일러스.jpg,Sylas.mp3
Shaco,샤코,http://39.118.174.168:8000/champ_image/right/샤코.png,http://39.118.174.168:8000/champ_image/left/샤코.png,http://ddragon.leagueoflegends.com/cdn/11.3.1/img/champion/Shaco.png,http://39.118.174.168:8000/champ_image/long_image_noColor/샤코.jpg,Shaco.mp3
Senna,세나,http://39.118.174.168:8000/champ_image/right/세나.png,http://39.118.174.168:8000/champ_image/left/세나.png,http://ddragon.leagueoflegends.com/cdn/11.3.1/img/champion/Senna.png,http://39.118.174.168:8000/champ_image/long_image_noColor/세나.jpg,Senna.mp3
Seraphine,세라핀,http://39.118.174.168:8000/champ_image/right/세라핀.png,http://39.118.174.168:8000/champ_image/left/세라핀.png,http://ddragon.leagueoflegends.com/cdn/11.3.1/img/champion/Seraphine.png,http://39.118.174.168:8000/champ_image/long_image_noColor/세라핀.jpg,Seraphine.mp3
Sejuani,세주아니,http://39.118.174.168:8000/champ_image/right/세주아니.png,http://39.118.174.168:8000/champ_image/left/세주아니.png,http://ddragon.leagueoflegends.com/cdn/11.3.1/img/champion/Sejuani.png,http://39.118.174.168:8000/champ_image/long_image_noColor/세주아니.jpg,Sejuani.mp3
Sett,세트,http://39.118.174.168:8000/champ_image/right/세트.png,http://39.118.174.168:8000/champ_image/left/세트.png,http://ddragon.leagueoflegends.com/cdn/11.3.1/img/champion/Sett.png,http://39.118.174.168:8000/champ_image/long_image_noColor/세트.jpg,Sett.mp3
Sona,소나,http://39.118.174.168:8000/champ_image/right/소나.png,http://39.118.174.168:8000/champ_image/left/소나.png,http://ddragon.leagueoflegends.com/cdn/11.3.1/img/champion/Sona.png,http://39.118.174.168:8000/champ_image/long_image_noColor/소나.jpg,Sona.mp3
Soraka,소라카,http://39.118.174.168:8000/champ_image/right/소라카.png,http://39.118.174.168:8000/champ_image/left/소라카.png,http://ddragon.leagueoflegends.com/cdn/11.3.1/img/champion/Soraka.png,http://39.118.174.168:8000/champ_image/long_image_noColor/소라카.jpg,Soraka.mp3
Shen,쉔,http://39.118.174.168:8000/champ_image/right/쉔.png,http://39.118.174.168:8000/champ_image/left/쉔.png,http://ddragon.leagueoflegends.com/cdn/11.3.1/img/champion/Shen.png,http://39.118.174.168:8000/champ_image/long_image_noColor/쉔.jpg,Shen.mp3
Shyvana,쉬바나,http://39.118.174.168:8000/champ_image/right/쉬바나.png,http://39.118.174.168:8000/champ_image/left/쉬바나.png,http://ddragon.leagueoflegends.com/cdn/11.3.1/img/champion/Shyvana.png,http://39.118.174.168:8000/champ_image/long_image_noColor/쉬바나.jpg,Shyvana.mp3
Swain,스웨인,http://39.118.174.168:8000/champ_image/right/스웨인.png,http://39.118.174.168:8000/champ_image/left/스웨인.png,http://ddragon.leagueoflegends.com/cdn/11.3.1/img/champion/Swain.png,http://39.118.174.168:8000/champ_image/long_image_noColor/스웨인.jpg,Swain.mp3
Skarner,스카너,http://39.118.174.168:8000/champ_image/right/스카너.png,http://39.118.174.168:8000/champ_image/left/스카너.png,http://ddragon.leagueoflegends.com/cdn/11.3.1/img/champion/Skarner.png,http://39.118.174.168:8000/champ_image/long_image_noColor/스카너.jpg,Skarner.mp3
Sivir,시비르,http://39.118.174.168:8000/champ_image/right/시비르.png,http://39.118.174.168:8000/champ_image/left/시비르.png,http://ddragon.leagueoflegends.com/cdn/11.3.1/img/champion/Sivir.png,http://39.118.174.168:8000/champ_image/long_image_noColor/시비르.jpg,Sivir.mp3
XinZhao,신 짜오,http://39.118.174.168:8000/champ_image/right/신 짜오.png,http://39.118.174.168:8000/champ_image/left/신 짜오.png,http://ddragon.leagueoflegends.com/cdn/11.3.1/img/champion/XinZhao.png,http://39.118.174.168:8000/champ_image/long_image_noColor/신 짜오.jpg,XinZhao.mp3
Syndra,신드라,http://39.118.174.168:8000/champ_image/right/신드라.png,http://39.118.174.168:8000/champ_image/left/신드라.png,http://ddragon.leagueoflegends.com/cdn/11.3.1/img/champion/Syndra.png,http://39.118.174.168:8000/champ_image/long_image_noColor/신드라.jpg,Syndra.mp3
Singed,신지드,http://39.118.174.168:8000/champ_image/right/신지드.png,http://39.118.174.168:8000/champ_image/left/신지드.png,http://ddragon.leagueoflegends.com/cdn/11.3.1/img/champion/Singed.png,http://39.118.174.168:8000/champ_image/long_image_noColor/신지드.jpg,Singed.mp3
Thresh,쓰레쉬,http://39.118.174.168:8000/champ_image/right/쓰레쉬.png,http://39.118.174.168:8000/champ_image/left/쓰레쉬.png,http://ddragon.leagueoflegends.com/cdn/11.3.1/img/champion/Thresh.png,http://39.118.174.168:8000/champ_image/long_image_noColor/쓰레쉬.jpg,Thresh.mp3
Ahri,아리,http://39.118.174.168:8000/champ_image/right/아리.png,http://39.118.174.168:8000/champ_image/left/아리.png,http://ddragon.leagueoflegends.com/cdn/11.3.1/img/champion/Ahri.png,http://39.118.174.168:8000/champ_image/long_image_noColor/아리.jpg,Ahri.mp3
Amumu,아무무,http://39.118.174.168:8000/champ_image/right/아무무.png,http://39.118.174.168:8000/champ_image/left/아무무.png,http://ddragon.leagueoflegends.com/cdn/11.3.1/img/champion/Amumu.png,http://39.118.174.168:8000/champ_image/long_image_noColor/아무무.jpg,Amumu.mp3
AurelionSol,아우렐리온 솔,http://39.118.174.168:8000/champ_image/right/아우렐리온 솔.png,http://39.118.174.168:8000/champ_image/left/아우렐리온 솔.png,http://ddragon.leagueoflegends.com/cdn/11.3.1/img/champion/AurelionSol.png,http://39.118.174.168:8000/champ_image/long_image_noColor/아우렐리온 솔.jpg,AurelionSol.mp3
Ivern,아이번,http://39.118.174.168:8000/champ_image/right/아이번.png,http://39.118.174.168:8000/champ_image/left/아이번.png,http://ddragon.leagueoflegends.com/cdn/11.3.1/img/champion/Ivern.png,http://39.118.174.168:8000/champ_image/long_image_noColor/아이번.jpg,Ivern.mp3
Azir,아지르,http://39.118.174.168:8000/champ_image/right/아지르.png,http://39.118.174.168:8000/champ_image/left/아지르.png,http://ddragon.leagueoflegends.com/cdn/11.3.1/img/champion/Azir.png,http://39.118.174.168:8000/champ_image/long_image_noColor/아지르.jpg,Azir.mp3
Akali,아칼리,http://39.118.174.168:8000/champ_image/right/아칼리.png,http://39.118.174.168:8000/champ_image/left/아칼리.png,http://ddragon.leagueoflegends.com/cdn/11.3.1/img/champion/Akali.png,http://39.118.174.168:8000/champ_image/long_image_noColor/아칼리.jpg,Akali.mp3
Aatrox,아트록스,http://39.118.174.168:8000/champ_image/right/아트록스.png,http://39.118.174.168:8000/champ_image/left/아트록스.png,http://ddragon.leagueoflegends.com/cdn/11.3.1/img/champion/Aatrox.png,http://39.118.174.168:8000/champ_image/long_image_noColor/아트록스.jpg,Aatrox.mp3
Aphelios,아펠리오스,http://39.118.174.168:8000/champ_image/right/아펠리오스.png,http://39.118.174.168:8000/champ_image/left/아펠리오스.png,http://ddragon.leagueoflegends.com/cdn/11.3.1/img/champion/Aphelios.png,http://39.118.174.168:8000/champ_image/long_image_noColor/아펠리오스.jpg,Aphelios.mp3
Alistar,알리스타,http://39.118.174.168:8000/champ_image/right/알리스타.png,http://39.118.174.168:8000/champ_image/left/알리스타.png,http://ddragon.leagueoflegends.com/cdn/11.3.1/img/champion/Alistar.png,http://39.118.174.168:8000/champ_image/long_image_noColor/알리스타.jpg,Alistar.mp3
Annie,애니,http://39.118.174.168:8000/champ_image/right/애니.png,http://39.118.174.168:8000/champ_image/left/애니.png,http://ddragon.leagueoflegends.com/cdn/11.3.1/img/champion/Annie.png,http://39.118.174.168:8000/champ_image/long_image_noColor/애니.jpg,Annie.mp3
Anivia,애니비아,http://39.118.174.168:8000/champ_image/right/애니비아.png,http://39.118.174.168:8000/champ_image/left/애니비아.png,http://ddragon.leagueoflegends.com/cdn/11.3.1/img/champion/Anivia.png,http://39.118.174.168:8000/champ_image/long_image_noColor/애니비아.jpg,Anivia.mp3
Ashe,애쉬,http://39.118.174.168:8000/champ_image/right/애쉬.png,http://39.118.174.168:8000/champ_image/left/애쉬.png,http://ddragon.leagueoflegends.com/cdn/11.3.1/img/champion/Ashe.png,http://39.118.174.168:8000/champ_image/long_image_noColor/애쉬.jpg,Ashe.mp3
Yasuo,야스오,http://39.118.174.168:8000/champ_image/right/야스오.png,http://39.118.174.168:8000/champ_image/left/야스오.png,http://ddragon.leagueoflegends.com/cdn/11.3.1/img/champion/Yasuo.png,http://39.118.174.168:8000/champ_image/long_image_noColor/야스오.jpg,Yasuo.mp3
Ekko,에코,http://39.118.174.168:8000/champ_image/right/에코.png,http://39.118.174.168:8000/champ_image/left/에코.png,http://ddragon.leagueoflegends.com/cdn/11.3.1/img/champion/Ekko.png,http://39.118.174.168:8000/champ_image/long_image_noColor/에코.jpg,Ekko.mp3
Elise,엘리스,http://39.118.174.168:8000/champ_image/right/엘리스.png,http://39.118.174.168:8000/champ_image/left/엘리스.png,http://ddragon.leagueoflegends.com/cdn/11.3.1/img/champion/Elise.png,http://39.118.174.168:8000/champ_image/long_image_noColor/엘리스.jpg,Elise.mp3
MonkeyKing,오공,http://39.118.174.168:8000/champ_image/right/오공.png,http://39.118.174.168:8000/champ_image/left/오공.png,http://ddragon.leagueoflegends.com/cdn/11.3.1/img/champion/MonkeyKing.png,http://39.118.174.168:8000/champ_image/long_image_noColor/오공.jpg,MonkeyKing.mp3
Ornn,오른,http://39.118.174.168:8000/champ_image/right/오른.png,http://39.118.174.168:8000/champ_image/left/오른.png,http://ddragon.leagueoflegends.com/cdn/11.3.1/img/champion/Ornn.png,http://39.118.174.168:8000/champ_image/long_image_noColor/오른.jpg,Ornn.mp3
Orianna,오리아나,http://39.118.174.168:8000/champ_image/right/오리아나.png,http://39.118.174.168:8000/champ_image/left/오리아나.png,http://ddragon.leagueoflegends.com/cdn/11.3.1/img/champion/Orianna.png,http://39.118.174.168:8000/champ_image/long_image_noColor/오리아나.jpg,Orianna.mp3
Olaf,올라프,http://39.118.174.168:8000/champ_image/right/올라프.png,http://39.118.174.168:8000/champ_image/left/올라프.png,http://ddragon.leagueoflegends.com/cdn/11.3.1/img/champion/Olaf.png,http://39.118.174.168:8000/champ_image/long_image_noColor/올라프.jpg,Olaf.mp3
Yone,요네,http://39.118.174.168:8000/champ_image/right/요네.png,http://39.118.174.168:8000/champ_image/left/요네.png,http://ddragon.leagueoflegends.com/cdn/11.3.1/img/champion/Yone.png,http://39.118.174.168:8000/champ_image/long_image_noColor/요네.jpg,Yone.mp3
Yorick,요릭,http://39.118.174.168:8000/champ_image/right/요릭.png,http://39.118.174.168:8000/champ_image/left/요릭.png,http://ddragon.leagueoflegends.com/cdn/11.3.1/img/champion/Yorick.png,http://39.118.174.168:8000/champ_image/long_image_noColor/요릭.jpg,Yorick.mp3
Udyr,우디르,http://39.118.174.168:8000/champ_image/right/우디르.png,http://39.118.174.168:8000/champ_image/left/우디르.png,http://ddragon.leagueoflegends.com/cdn/11.3.1/img/champion/Udyr.png,http://39.118.174.168:8000/champ_image/long_image_noColor/우디르.jpg,Udyr.mp3
Urgot,우르곳,http://39.118.174.168:8000/champ_image/right/우르곳.png,http://39.118.174.168:8000/champ_image/left/우르곳.png,http://ddragon.leagueoflegends.com/cdn/11.3.1/img/champion/Urgot.png,http://39.118.174.168:8000/champ_image/long_image_noColor/우르곳.jpg,Urgot.mp3
Warwick,워윅,http://39.118.174.168:8000/champ_image/right/워윅.png,http://39.118.174.168:8000/champ_image/left/워윅.png,http://ddragon.leagueoflegends.com/cdn/11.3.1/img/champion/Warwick.png,http://39.118.174.168:8000/champ_image/long_image_noColor/워윅.jpg,Warwick.mp3
Yuumi,유미,http://39.118.174.168:8000/champ_image/right/유미.png,http://39.118.174.168:8000/champ_image/left/유미.png,http://ddragon.leagueoflegends.com/cdn/11.3.1/img/champion/Yuumi.png,http://39.118.174.168:8000/champ_image/long_image_noColor/유미.jpg,Yuumi.mp3
Irelia,이렐리아,http://39.118.174.168:8000/champ_image/right/이렐리아.png,http://39.118.174.168:8000/champ_image/left/이렐리아.png,http://ddragon.leagueoflegends.com/cdn/11.3.1/img/champion/Irelia.png,http://39.118.174.168:8000/champ_image/long_image_noColor/이렐리아.jpg,Irelia.mp3
Evelynn,이블린,http://39.118.174.168:8000/champ_image/right/이블린.png,http://39.118.174.168:8000/champ_image/left/이블린.png,http://ddragon.leagueoflegends.com/cdn/11.3.1/img/champion/Evelynn.png,http://39.118.174.168:8000/champ_image/long_image_noColor/이블린.jpg,Evelynn.mp3
Ezreal,이즈리얼,http://39.118.174.168:8000/champ_image/right/이즈리얼.png,http://39.118.174.168:8000/champ_image/left/이즈리얼.png,http://ddragon.leagueoflegends.com/cdn/11.3.1/img/champion/Ezreal.png,http://39.118.174.168:8000/champ_image/long_image_noColor/이즈리얼.jpg,Ezreal.mp3
Illaoi,일라오이,http://39.118.174.168:8000/champ_image/right/일라오이.png,http://39.118.174.168:8000/champ_image/left/일라오이.png,http://ddragon.leagueoflegends.com/cdn/11.3.1/img/champion/Illaoi.png,http://39.118.174.168:8000/champ_image/long_image_noColor/일라오이.jpg,Illaoi.mp3
JarvanIV,자르반 4세,http://39.118.174.168:8000/champ_image/right/자르반 4세.png,http://39.118.174.168:8000/champ_image/left/자르반 4세.png,http://ddragon.leagueoflegends.com/cdn/11.3.1/img/champion/JarvanIV.png,http://39.118.174.168:8000/champ_image/long_image_noColor/자르반 4세.jpg,JarvanIV.mp3
Xayah,자야,http://39.118.174.168:8000/champ_image/right/자야.png,http://39.118.174.168:8000/champ_image/left/자야.png,http://ddragon.leagueoflegends.com/cdn/11.3.1/img/champion/Xayah.png,http://39.118.174.168:8000/champ_image/long_image_noColor/자야.jpg,Xayah.mp3
Zyra,자이라,http://39.118.174.168:8000/champ_image/right/자이라.png,http://39.118.174.168:8000/champ_image/left/자이라.png,http://ddragon.leagueoflegends.com/cdn/11.3.1/img/champion/Zyra.png,http://39.118.174.168:8000/champ_image/long_image_noColor/자이라.jpg,Zyra.mp3
Zac,자크,http://39.118.174.168:8000/champ_image/right/자크.png,http://39.118.174.168:8000/champ_image/left/자크.png,http://ddragon.leagueoflegends.com/cdn/11.3.1/img/champion/Zac.png,http://39.118.174.168:8000/champ_image/long_image_noColor/자크.jpg,Zac.mp3
Janna,잔나,http://39.118.174.168:8000/champ_image/right/잔나.png,http://39.118.174.168:8000/champ_image/left/잔나.png,http://ddragon.leagueoflegends.com/cdn/11.3.1/img/champion/Janna.png,http://39.118.174.168:8000/champ_image/long_image_noColor/잔나.jpg,Janna.mp3
Jax,잭스,http://39.118.174.168:8000/champ_image/right/잭스.png,http://39.118.174.168:8000/champ_image/left/잭스.png,http://ddragon.leagueoflegends.com/cdn/11.3.1/img/champion/Jax.png,http://39.118.174.168:8000/champ_image/long_image_noColor/잭스.jpg,Jax.mp3
Zed,제드,http://39.118.174.168:8000/champ_image/right/제드.png,http://39.118.174.168:8000/champ_image/left/제드.png,http://ddragon.leagueoflegends.com/cdn/11.3.1/img/champion/Zed.png,http://39.118.174.168:8000/champ_image/long_image_noColor/제드.jpg,Zed.mp3
Xerath,제라스,http://39.118.174.168:8000/champ_image/right/제라스.png,http://39.118.174.168:8000/champ_image/left/제라스.png,http://ddragon.leagueoflegends.com/cdn/11.3.1/img/champion/Xerath.png,http://39.118.174.168:8000/champ_image/long_image_noColor/제라스.jpg,Xerath.mp3
Jayce,제이스,http://39.118.174.168:8000/champ_image/right/제이스.png,http://39.118.174.168:8000/champ_image/left/제이스.png,http://ddragon.leagueoflegends.com/cdn/11.3.1/img/champion/Jayce.png,http://39.118.174.168:8000/champ_image/long_image_noColor/제이스.jpg,Jayce.mp3
Zoe,조이,http://39.118.174.168:8000/champ_image/right/조이.png,http://39.118.174.168:8000/champ_image/left/조이.png,http://ddragon.leagueoflegends.com/cdn/11.3.1/img/champion/Zoe.png,http://39.118.174.168:8000/champ_image/long_image_noColor/조이.jpg,Zoe.mp3
Ziggs,직스,http://39.118.174.168:8000/champ_image/right/직스.png,http://39.118.174.168:8000/champ_image/left/직스.png,http://ddragon.leagueoflegends.com/cdn/11.3.1/img/champion/Ziggs.png,http://39.118.174.168:8000/champ_image/long_image_noColor/직스.jpg,Ziggs.mp3
Jhin,진,http://39.118.174.168:8000/champ_image/right/진.png,http://39.118.174.168:8000/champ_image/left/진.png,http://ddragon.leagueoflegends.com/cdn/11.3.1/img/champion/Jhin.png,http://39.118.174.168:8000/champ_image/long_image_noColor/진.jpg,Jhin.mp3
Zilean,질리언,http://39.118.174.168:8000/champ_image/right/질리언.png,http://39.118.174.168:8000/champ_image/left/질리언.png,http://ddragon.leagueoflegends.com/cdn/11.3.1/img/champion/Zilean.png,http://39.118.174.168:8000/champ_image/long_image_noColor/질리언.jpg,Zilean.mp3
Jinx,징크스,http://39.118.174.168:8000/champ_image/right/징크스.png,http://39.118.174.168:8000/champ_image/left/징크스.png,http://ddragon.leagueoflegends.com/cdn/11.3.1/img/champion/Jinx.png,http://39.118.174.168:8000/champ_image/long_image_noColor/징크스.jpg,Jinx.mp3
Chogath,초가스,http://39.118.174.168:8000/champ_image/right/초가스.png,http://39.118.174.168:8000/champ_image/left/초가스.png,http://ddragon.leagueoflegends.com/cdn/11.3.1/img/champion/Chogath.png,http://39.118.174.168:8000/champ_image/long_image_noColor/초가스.jpg,Chogath.mp3
Karma,카르마,http://39.118.174.168:8000/champ_image/right/카르마.png,http://39.118.174.168:8000/champ_image/left/카르마.png,http://ddragon.leagueoflegends.com/cdn/11.3.1/img/champion/Karma.png,http://39.118.174.168:8000/champ_image/long_image_noColor/카르마.jpg,Karma.mp3
Camille,카밀,http://39.118.174.168:8000/champ_image/right/카밀.png,http://39.118.174.168:8000/champ_image/left/카밀.png,http://ddragon.leagueoflegends.com/cdn/11.3.1/img/champion/Camille.png,http://39.118.174.168:8000/champ_image/long_image_noColor/카밀.jpg,Camille.mp3
Kassadin,카사딘,http://39.118.174.168:8000/champ_image/right/카사딘.png,http://39.118.174.168:8000/champ_image/left/카사딘.png,http://ddragon.leagueoflegends.com/cdn/11.3.1/img/champion/Kassadin.png,http://39.118.174.168:8000/champ_image/long_image_noColor/카사딘.jpg,Kassadin.mp3
Karthus,카서스,http://39.118.174.168:8000/champ_image/right/카서스.png,http://39.118.174.168:8000/champ_image/left/카서스.png,http://ddragon.leagueoflegends.com/cdn/11.3.1/img/champion/Karthus.png,http://39.118.174.168:8000/champ_image/long_image_noColor/카서스.jpg,Karthus.mp3
Cassiopeia,카시오페아,http://39.118.174.168:8000/champ_image/right/카시오페아.png,http://39.118.174.168:8000/champ_image/left/카시오페아.png,http://ddragon.leagueoflegends.com/cdn/11.3.1/img/champion/Cassiopeia.png,http://39.118.174.168:8000/champ_image/long_image_noColor/카시오페아.jpg,Cassiopeia.mp3
Kaisa,카이사,http://39.118.174.168:8000/champ_image/right/카이사.png,http://39.118.174.168:8000/champ_image/left/카이사.png,http://ddragon.leagueoflegends.com/cdn/11.3.1/img/champion/Kaisa.png,http://39.118.174.168:8000/champ_image/long_image_noColor/카이사.jpg,Kaisa.mp3
Khazix,카직스,http://39.118.174.168:8000/champ_image/right/카직스.png,http://39.118.174.168:8000/champ_image/left/카직스.png,http://ddragon.leagueoflegends.com/cdn/11.3.1/img/champion/Khazix.png,http://39.118.174.168:8000/champ_image/long_image_noColor/카직스.jpg,Khazix.mp3
Katarina,카타리나,http://39.118.174.168:8000/champ_image/right/카타리나.png,http://39.118.174.168:8000/champ_image/left/카타리나.png,http://ddragon.leagueoflegends.com/cdn/11.3.1/img/champion/Katarina.png,http://39.118.174.168:8000/champ_image/long_image_noColor/카타리나.jpg,Katarina.mp3
Kalista,칼리스타,http://39.118.174.168:8000/champ_image/right/칼리스타.png,http://39.118.174.168:8000/champ_image/left/칼리스타.png,http://ddragon.leagueoflegends.com/cdn/11.3.1/img/champion/Kalista.png,http://39.118.174.168:8000/champ_image/long_image_noColor/칼리스타.jpg,Kalista.mp3
Kennen,케넨,http://39.118.174.168:8000/champ_image/right/케넨.png,http://39.118.174.168:8000/champ_image/left/케넨.png,http://ddragon.leagueoflegends.com/cdn/11.3.1/img/champion/Kennen.png,http://39.118.174.168:8000/champ_image/long_image_noColor/케넨.jpg,Kennen.mp3
Caitlyn,케이틀린,http://39.118.174.168:8000/champ_image/right/케이틀린.png,http://39.118.174.168:8000/champ_image/left/케이틀린.png,http://ddragon.leagueoflegends.com/cdn/11.3.1/img/champion/Caitlyn.png,http://39.118.174.168:8000/champ_image/long_image_noColor/케이틀린.jpg,Caitlyn.mp3
Kayn,케인,http://39.118.174.168:8000/champ_image/right/케인.png,http://39.118.174.168:8000/champ_image/left/케인.png,http://ddragon.leagueoflegends.com/cdn/11.3.1/img/champion/Kayn.png,http://39.118.174.168:8000/champ_image/long_image_noColor/케인.jpg,Kayn.mp3
Kayle,케일,http://39.118.174.168:8000/champ_image/right/케일.png,http://39.118.174.168:8000/champ_image/left/케일.png,http://ddragon.leagueoflegends.com/cdn/11.3.1/img/champion/Kayle.png,http://39.118.174.168:8000/champ_image/long_image_noColor/케일.jpg,Kayle.mp3
KogMaw,코그모,http://39.118.174.168:8000/champ_image/right/코그모.png,http://39.118.174.168:8000/champ_image/left/코그모.png,http://ddragon.leagueoflegends.com/cdn/11.3.1/img/champion/KogMaw.png,http://39.118.174.168:8000/champ_image/long_image_noColor/코그모.jpg,KogMaw.mp3
Corki,코르키,http://39.118.174.168:8000/champ_image/right/코르키.png,http://39.118.174.168:8000/champ_image/left/코르키.png,http://ddragon.leagueoflegends.com/cdn/11.3.1/img/champion/Corki.png,http://39.118.174.168:8000/champ_image/long_image_noColor/코르키.jpg,Corki.mp3
Quinn,퀸,http://39.118.174.168:8000/champ_image/right/퀸.png,http://39.118.174.168:8000/champ_image/left/퀸.png,http://ddragon.leagueoflegends.com/cdn/11.3.1/img/champion/Quinn.png,http://39.118.174.168:8000/champ_image/long_image_noColor/퀸.jpg,Quinn.mp3
Kled,클레드,http://39.118.174.168:8000/champ_image/right/클레드.png,http://39.118.174.168:8000/champ_image/left/클레드.png,http://ddragon.leagueoflegends.com/cdn/11.3.1/img/champion/Kled.png,http://39.118.174.168:8000/champ_image/long_image_noColor/클레드.jpg,Kled.mp3
Qiyana,키아나,http://39.118.174.168:8000/champ_image/right/키아나.png,http://39.118.174.168:8000/champ_image/left/키아나.png,http://ddragon.leagueoflegends.com/cdn/11.3.1/img/champion/Qiyana.png,http://39.118.174.168:8000/champ_image/long_image_noColor/키아나.jpg,Qiyana.mp3
Kindred,킨드레드,http://39.118.174.168:8000/champ_image/right/킨드레드.png,http://39.118.174.168:8000/champ_image/left/킨드레드.png,http://ddragon.leagueoflegends.com/cdn/11.3.1/img/champion/Kindred.png,http://39.118.174.168:8000/champ_image/long_image_noColor/킨드레드.jpg,Kindred.mp3
Taric,타릭,http://39.118.174.168:8000/champ_image/right/타릭.png,http://39.118.174.168:8000/champ_image/left/타릭.png,http://ddragon.leagueoflegends.com/cdn/11.3.1/img/champion/Taric.png,http://39.118.174.168:8000/champ_image/long_image_noColor/타릭.jpg,Taric.mp3
Talon,탈론,http://39.118.174.168:8000/champ_image/right/탈론.png,http://39.118.174.168:8000/champ_image/left/탈론.png,http://ddragon.leagueoflegends.com/cdn/11.3.1/img/champion/Talon.png,http://39.118.174.168:8000/champ_image/long_image_noColor/탈론.jpg,Talon.mp3
Taliyah,탈리야,http://39.118.174.168:8000/champ_image/right/탈리야.png,http://39.118.174.168:8000/champ_image/left/탈리야.png,http://ddragon.leagueoflegends.com/cdn/11.3.1/img/champion/Taliyah.png,http://39.118.174.168:8000/champ_image/long_image_noColor/탈리야.jpg,Taliyah.mp3
TahmKench,탐 켄치,http://39.118.174.168:8000/champ_image/right/탐 켄치.png,http://39.118.174.168:8000/champ_image/left/탐 켄치.png,http://ddragon.leagueoflegends.com/cdn/11.3.1/img/champion/TahmKench.png,http://39.118.174.168:8000/champ_image/long_image_noColor/탐 켄치.jpg,TahmKench.mp3
Trundle,트런들,http://39.118.174.168:8000/champ_image/right/트런들.png,http://39.118.174.168:8000/champ_image/left/트런들.png,http://ddragon.leagueoflegends.com/cdn/11.3.1/img/champion/Trundle.png,http://39.118.174.168:8000/champ_image/long_image_noColor/트런들.jpg,Trundle.mp3
Tristana,트리스타나,http://39.118.174.168:8000/champ_image/right/트리스타나.png,http://39.118.174.168:8000/champ_image/left/트리스타나.png,http://ddragon.leagueoflegends.com/cdn/11.3.1/img/champion/Tristana.png,http://39.118.174.168:8000/champ_image/long_image_noColor/트리스타나.jpg,Tristana.mp3
Tryndamere,트린다미어,http://39.118.174.168:8000/champ_image/right/트린다미어.png,http://39.118.174.168:8000/champ_image/left/트린다미어.png,http://ddragon.leagueoflegends.com/cdn/11.3.1/img/champion/Tryndamere.png,http://39.118.174.168:8000/champ_image/long_image_noColor/트린다미어.jpg,Tryndamere.mp3
TwistedFate,트위스티드 페이트,http://39.118.174.168:8000/champ_image/right/트위스티드 페이트.png,http://39.118.174.168:8000/champ_image/left/트위스티드 페이트.png,http://ddragon.leagueoflegends.com/cdn/11.3.1/img/champion/TwistedFate.png,http://39.118.174.168:8000/champ_image/long_image_noColor/트위스티드 페이트.jpg,TwistedFate.mp3
Twitch,트위치,http://39.118.174.168:8000/champ_image/right/트위치.png,http://39.118.174.168:8000/champ_image/left/트위치.png,http://ddragon.leagueoflegends.com/cdn/11.3.1/img/champion/Twitch.png,http://39.118.174.168:8000/champ_image/long_image_noColor/트위치.jpg,Twitch.mp3
Teemo,티모,http://39.118.174.168:8000/champ_image/right/티모.png,http://39.118.174.168:8000/champ_image/left/티모.png,http://ddragon.leagueoflegends.com/cdn/11.3.1/img/champion/Teemo.png,http://39.118.174.168:8000/champ_image/long_image_noColor/티모.jpg,Teemo.mp3
Pyke,파이크,http://39.118.174.168:8000/champ_image/right/파이크.png,http://39.118.174.168:8000/champ_image/left/파이크.png,http://ddragon.leagueoflegends.com/cdn/11.3.1/img/champion/Pyke.png,http://39.118.174.168:8000/champ_image/long_image_noColor/파이크.jpg,Pyke.mp3
Pantheon,판테온,http://39.118.174.168:8000/champ_image/right/판테온.png,http://39.118.174.168:8000/champ_image/left/판테온.png,http://ddragon.leagueoflegends.com/cdn/11.3.1/img/champion/Pantheon.png,http://39.118.174.168:8000/champ_image/long_image_noColor/판테온.jpg,Pantheon.mp3
Fiddlesticks,피들스틱,http://39.118.174.168:8000/champ_image/right/피들스틱.png,http://39.118.174.168:8000/champ_image/left/피들스틱.png,http://ddragon.leagueoflegends.com/cdn/11.3.1/img/champion/Fiddlesticks.png,http://39.118.174.168:8000/champ_image/long_image_noColor/피들스틱.jpg,Fiddlesticks.mp3
Fiora,피오라,http://39.118.174.168:8000/champ_image/right/피오라.png,http://39.118.174.168:8000/champ_image/left/피오라.png,http://ddragon.leagueoflegends.com/cdn/11.3.1/img/champion/Fiora.png,http://39.118.174.168:8000/champ_image/long_image_noColor/피오라.jpg,Fiora.mp3
Fizz,피즈,http://39.118.174.168:8000/champ_image/right/피즈.png,http://39.118.174.168:8000/champ_image/left/피즈.png,http://ddragon.leagueoflegends.com/cdn/11.3.1/img/champion/Fizz.png,http://39.118.174.168:8000/champ_image/long_image_noColor/피즈.jpg,Fizz.mp3
Heimerdinger,하이머딩거,http://39.118.174.168:8000/champ_image/right/하이머딩거.png,http://39.118.174.168:8000/champ_image/left/하이머딩거.png,http://ddragon.leagueoflegends.com/cdn/11.3.1/img/champion/Heimerdinger.png,http://39.118.174.168:8000/champ_image/long_image_noColor/하이머딩거.jpg,Heimerdinger.mp3
Hecarim,헤카림,http://39.118.174.168:8000/champ_image/right/헤카림.png,http://39.118.174.168:8000/champ_image/left/헤카림.png,http://ddragon.leagueoflegends.com/cdn/11.3.1/img/champion/Hecarim.png,http://39.118.174.168:8000/champ_image/long_image_noColor/헤카림.jpg,Hecarim.mp3
